Model,CV ROC-AUC,CV ROC-AUC std,CV F1,Accuracy,Precision,Recall,F1,ROC-AUC,PR-AUC,Fit time (s)
XGBoost (weighted) @ thr 0.65,0.8008304351546803,0.007138158139061093,0.4990356798452142,0.8813744536182613,0.4787510841283608,0.5948275862068966,0.5305141758769822,0.8116687339571184,0.48380309378398356,
Random Forest (balanced),0.7943658444781979,0.008369805302181378,0.49651501625993155,0.8732394366197183,0.4540412044374009,0.6174568965517241,0.5232876712328767,0.8067216872628956,0.4835625824903429,2.7284328937530518
XGBoost (weighted),0.8008304351546803,0.007138158139061093,0.46731756145482894,0.8448275862068966,0.3881074168797954,0.6540948275862069,0.4871589085072231,0.8116687339571184,0.48380309378398356,0.9601359367370605
Decision Tree (balanced),0.7805051811000688,0.01149424180276284,0.4447318951163831,0.8468916949975717,0.3900990099009901,0.6368534482758621,0.4838313548915268,0.8014882869269387,0.46041527907486834,0.15153264999389648
Logistic Reg. (balanced),0.7905433926217429,0.007541273527674564,0.45021696951764456,0.8305002428363283,0.3595438175270108,0.6454741379310345,0.4618350038550501,0.8002268268831513,0.44648867807631115,0.24393296241760254
Logistic Reg. + SMOTE,0.7872976113963274,0.00820397062414419,0.441767769180564,0.8223652258377854,0.34705546026300743,0.6540948275862069,0.4534927157265596,0.7990953466206141,0.4454241977334387,0.5823330879211426
Naive Bayes,0.7663639587274786,0.010719766386323581,0.407919501766561,0.8081593006313744,0.31988950276243094,0.6239224137931034,0.422936449963477,0.7760535366296737,0.35946460895845894,0.0742940902709961
KNN (k=15),0.7586524981384606,0.00609587283456627,0.35928022682206995,0.8981301602719767,0.6115288220551378,0.2629310344827586,0.3677467972871138,0.7727719710803466,0.41862489955161586,0.09087014198303223
Gradient Boosting,0.7966884895593227,0.007693248623137064,0.3691665814810408,0.8991015055852356,0.6447761194029851,0.23275862068965517,0.342042755344418,0.8108077561434799,0.4801842040716461,14.866727113723755
Logistic Regression,0.7897614339077195,0.0071746831907682895,0.3402521455979583,0.8984944147644488,0.652317880794702,0.2122844827586207,0.3203252032520325,0.8006072555112016,0.4534442409796275,0.278400182723999
Baseline (always 'no'),0.5,0.0,0.0,0.8873239436619719,0.0,0.0,0.0,0.5,0.11267605633802817,0.13920307159423828
