Model,CV R² (mean),CV R² (std),CV RMSE,Train R²,Test MAE,Test RMSE,Test R²,Fit time (s)
XGBoost (tuned),0.9669614291652098,0.002603162626196554,3.088965068971464,0.9957789323945773,2.165645610413046,3.171132334237709,0.9657832997441739,
XGBoost,0.9656271756887982,0.002647047060508846,3.15081187830319,0.988515748893492,2.287034266532906,3.2820916287469837,0.9633468928591511,1.588531255722046
Gradient Boosting,0.9623082998776308,0.002993251930945239,3.299230885883014,0.9800847066388862,2.440993291026063,3.403535675481543,0.9605842306522819,6.162130832672119
Random Forest,0.9598430873364204,0.0032864547315640544,3.405269860507817,0.9948376163144558,2.4089168940188683,3.434117584478518,0.959872720569369,2.329866409301758
KNN (k=7),0.9509640922994231,0.002097834391843261,3.7651446160478828,1.0,2.650647141688053,3.7502763967202157,0.9521440494824909,0.048341989517211914
Decision Tree,0.941742125683254,0.003686480255089322,4.10307528471913,0.9682052908433182,2.933181158688149,4.075415340262816,0.9434863776425645,0.03627800941467285
SVR (RBF),0.9444424968118195,0.0035242759622640483,4.006901522908956,0.9469457390714984,3.005982528569419,4.0771383180903715,0.9434385826115117,2.5806872844696045
Polynomial (deg 3),0.9404444419834338,0.003441325704538848,4.1489526208842005,0.9410521750121119,3.26933893825461,4.233682710764136,0.9390117730474161,0.022104740142822266
Lasso (α=0.01),0.9283181467133519,0.0034369750545817615,4.55249440673978,0.9284260224537492,3.6214181307461213,4.587363920282187,0.9283962475324942,0.005671024322509766
Ridge (α=1),0.9283195580063561,0.0034352088424388326,4.552451952195257,0.9284273249451706,3.6215674034671355,4.587459744279675,0.9283932560848662,0.04576301574707031
Linear Regression,0.9283197823632806,0.0034366617895427525,4.552444037340692,0.9284273886553933,3.621467291020949,4.587499007655297,0.9283920303369918,0.040142059326171875
